Discord User Names,Wallet Addresses
,
brat_kapusta#6395,
mnP.docx#6898,
IvanNovikov#3052,
Masta Zamsta#8817,"0x444051a20c13e064652de19503d8f3560959873b, 0x4bb83ddd0873ac9bf18ef9fe31725481a34459ff"
HAPE | ukrotitell#3282,
RomanTym#9892,0x3f9f796aEd38db49727FcA9e5C051e186Bc25bd9
Marakaya#4475,
FLOPPA#9269,
SHKILYA CRYPTO#4377,
Malevichkv#8161,
bitdealer91#7345,
VoogariX#4904,
K921#2537,
nzrpp#9602,0x156034AE9afEA16888B3C954178c7340152De1cC
Criand#7348,0x706277002cE4871b35381872C082951E16E742eE
Echoo#5717,
teenu4#9752,
Alexander_Karpov#7157,
TamilChain#0795,
Matvei 228#3998,
vanjusha#0551,
KirillYk#4953,
lopegor#5668,
Lokkero#1202,
SRG_TS#3469,
turtless#6378,
Oleksii#1791,
ouont#8864,
stepan_vtb#3891,"0x2aA201DB90Ba8c4133F6A8148394e8d8747ab116, 0x29D13103D7134A375c7714BEC8e8367F8A89D912, 0x2918f3De854b1817D4888AFCccbAEba46da2E5dC"
reb0rn#2665,0x083360a25a32884b0f89b0949cfe9d4ee618cdf5
Dzmitry Adam#6285,
st.Game#8485,
Palamar#8609,0x47B0064924809016c77e3Ea2e4E368A7b09D2699
wArz#9418,
mrlx24#0904,
Fible1#2782,
Fatilio#8491,"0x7695426f4376B45351319383e7be989dE927EB91, 0x702981913f4dBa7D2FB04C3ab3DF3e583D4BAb34"
M.Lemina#7040,
chelsea smile#8177,
Rouge one#9407,
voody#7851,
NecronomicoN#3370,
MaDisGooD#2099,
andriitws#3505,
WhitePunk#3649,
Antoha#3328,
invisiblemix#7527,
mi-danil#4460,
btakakho#6753,
kopi#8399,
Pagnaa#5861,
Ilya#6827,
benbenovich#8262,"0x6F7F8FD705f98E7024A85f881e5bA713762B4dB8, 0x7510729940861EcA1bbB1f54145ED9150C78501E"
Ar$oneR#6630,
CrNepos#3430,
Instinckt | Let's Earn#2431,
Maryna#1797,"0x6f0B5d9945e212A93FD0E0c0a474BbA396202E5d, 0x73Fa6F8f3e1fAbA388E50D3F33671995fBe98980"
kerak69#4633,
skyparking#0801,
DiRiK#4551,
Yurbason#0834,0x7f4336753299c27c89c118450f31a0bd036cf512
lxssl#5040,
yamakasee#8483,
pelyp#5566,
danyaho#6425,
uvi#9485,
Cepera#4835,"0x4C9563282a952D76e019B1F69c24b2C3D490e524,0x4714ebb186e330214e932c119A29bbF5223C2EF9"
paddyson#5479,
Merkuloy#5140,0x4F48BC4003Ef84F99D2BC4F7eD94C4311018550f
kartraiter#0154,
Cherny Dmitry#4381,
Aleksei#7906,
Xeppod#6037,
Dimmvvv#4604,
Alenya#6361,
Vladislav#8328,
Olgaos#5622,
stomik#4858,
restingrest#3652,
C0cry#7294,
SerjRamone#0972,"0x7687ccd3a5a670d2D62F9f116109F6b3e4FfABe9,0x666c7b96002Be866ab9C37bFdD934D6c620275a9"
ROYAL#8779,
Julka#0526,
Arthurreih#4816,
Eugene002#0913,
makson#6167,
Aiguna#8591,
Limp#3359,
alegop#1911,
pea#9501,
Aerobunny#9578,
Chernova#3409,
ALDIVINO#1514,0x32701bD29a849933315Ac45F24d22A7f24A380B9
barisaltundr#8334,
avently#6815,0x1A5fD0BE7886944269Df99489B84c00C2FcE3b6f
dobrotabus#8553,"0x1696eE07e163c4D6b0644bB968C15b0B3FD7Bcea, 0x1Bd7d4086bE23197e51e203F9AE021538AA00500"
scaramanga.#6067,
Vadim92#9513,
nilsonleow#9421,
Kumzy#1902,
barspb#2646,
biggen#7714,
Moroz#8487,
vazzak#0807,
Checrygin#8794,
L.S#3910,0x462CD0F66162ed12E0673A7f38f61e062F09E350
Emrullah#4742,
MrAlehandro#7342,"0x7122a93b7bCf5a85C7C63Ce05Bd43cEB1e857231, 0x71693baB1eF98a537C7BB716f24b419A6900cB24"
Magistrr#6496,0x489F9Aa1D766AB949BDe543260A904Cc23E199cD
a-pon#0117,
leet1337#5314,
alalaololo#9258,
криптодед#7148,
liveevill | DOUBLE TOP#8420,
hai#8450,"0x2Cec5Fc3Ee0516923Ebc4705D3e44134E75dd472, 0x1FD36eE30a72f6F9AF18168A255ebB7610aCba5a, 0x20d42E3d34a4DF0d53093403C28B7F5649630604, 0x31fa0EC87CE6eF192cfb228a0b49438E104fD18e, 0x0221df6a2C626d2a16427B4bb24d5eE768fC4744, "
Cryptos#9995,
SergeiVlD#7439,"0x16BCa01A077e340Dc8D6acF28781b697F5b1Eb73, 0x175488531c9BEc14CC11FBA8a752a68881c70137"
tulpok#2124,
Kermena#1018,0x4FeBe9A969caf13104137f7165029c7226260fAC
Dmitriy.cr#7212,
kvant19#3583,
Stanislav#0901,
Galich_Sergey#1807,
mikhail_k#3595,
Manila#2538,
Voynitskiy | AlxVoy#7896,
Zhantai#1855,
sadheadcrab#0310,
Munris#1311,
aharris#9103,
alek#2459,
Luftmenschz#1511,
arthur#0273,
Dzmitry Orlov#5476,"0x4cA3a286665913ffb160541d8FeF31e955a38fa4,0x4DeE353b30D9980b08bfC49D12cbEaaB1a49AF3a"
Xatavr#7537,"0x14c227F114b42127D1912fe7C643E01ef55d2b53, 0x1cECEFb148e7F1Fa8F90940c824B7C65185C84f6 "
irina2346#7152,0x040Ddf7a055e01235017bC965ad961e120A59b7B
AndreyT25#0825,
ReggieLedoux#8588,0x41242716C798CAE160d03870c264f8ABA65775A8
zip#3622,
valryb#3563,0x58668507B6752DBdaEb5a3637F8E7e90Ff6d6515
Lumin#8481,
SAiLaS#6859,
Vvegas_#4878,
VITALII#6561,
icon_livin#4831,
Mavtey#9560,
toxicofftest#7657,"0x046868c2875590290be3a310e24ec142025802e9, 0x10941e373c60932088f83d2356c9e81af9a84acd, 0x3229d69a55235b6a587a6297f5e68ec04e33580d"
t0x#1942,
Fleisch#7911,
Venidiktov#3552,
Dido Goode#8106,
vihamko#0080,"0x15c14ba137EF4fb89107Cf72d4F0464bfcf9f0c1,0x1AD4d5845b295Ed64c9482bc60933EcBB7FC038a"
k9#8966,
andy0x#5928,
Den453#8496,"0x7CD6e318Fd10aFf6954c4e9eb0540D362a4be431,0x80e5F7a78a0D65dd7f9E05F491b38e4e2C292Bd9"
svgGlizzy#3594,"0x657620E3A84Dbdf0Dc4A3A6192B228DA61bB6A2b, 0x2CAb6129A97512D161456f4e3697218382fE79A4, 0x1d727D9F8955447604A883224FcBD48B411918F6, 0x18c2cf3Ce92a7c27d3FBd825B0ea4489E4e1e94b, 0x4ee75f6359027ff8c31AEf6598469eD8d1b7E29f, 0x2dC82cc9d6F26e343d7e0Cd4Ff939aCb4166F495, 0x3feB4B0f04674BaFeFDaD4F721d85De946d7483c, 0x70f9bC169ebC17E66ABe22C45f5EbA890f912bc5, 0x74Aa153C35f950e7382c948b6dF56321A9999149, 0x46043Eb147ac9c6C5a515b15767C1D92DA596209, 0x1a0AF16702563e97d1D05773c3034CA158Bb6a5D, 0x7450Ad0501aFA9F5911481D50d9017d265DDa7A3, 0x3F9Febc8ED3442911582c0036151Dd0F89295E79, 0x41bf050d8a309561a91889F5D21756cBd3478Bc6, 0x16EA4028614468BE6AfFf6e4745d8DfC0ddd541E, 0x447C2753787f83d271CF4fa4796cF86879642346, 0x4bb22DC7a41Ee933Ee1960A43afa2142B472C2b1, 0x69ED17C246F5DC3803778195Dd4D34373bC0da2b"
samers#0105,
Aliaksandra#3970,"0x494706Ce4D693f12986C2aa41418E586f337Cbda,0x4F19bE7A661437893bd18245EAf6E9f8F071f047"
Untitled73#0687,0x6fdebc0236b1406281cdbcab11dae348a9e9e961
kvmizu#5704,0x4cf5c536d6eaff50895b2cb026e4ff672ffb44f9
collisio#4133,
whiteshrekk#1296,
Rugby (1/2 Lost in Beijing)#5405,
Тщеславный/Сергей#4581,
romanbios#8023,0x725fCb1b1F237CF4e98D60aEaDb9241e0Ff1656f
dimakorgenok#6226,"0x64CA494ED4552b4574efcd1f8BA1170E5B661eA5,  0x6497295dC7cd8663D46378578862BFD431dC5aa1, 0x4Ad0B6CFAF0907C5130B6CA49C74ac5cD41abb65,
0x52dA84759Aae5D56cc4F634746b19B0c004ced6d"
Mari1#3884,
DREAMEK#5938,
hddn#3948,"0x766bf21b858d7804b2aaf3795c4e3045019666ca, 0x4a3eb316de786f4280249ef40605370945d9d068"
digpapas#5817,
Knokio#1057,
Tatyana0984#7796,0x7d49341ba8C38286697430E3f6d20f21F2b3108f
Eleex#1438,
LeMans Roman#9018,0x6c2d3d89a8379d2d968c09891ec0fa6d35617d9e
bvk94#1651,
JetSet#7099,
Dinis N#8794,
AAlex#6238,
Instant | playhard#0713,
голожепик#3591,
roger_rabbit#1124,
PLCB#5545,
Eduard O#3625,"0x1867526396453205D8cE8289A8E0b9255aAa0C64, 0x6A4bf2007b854a116F622eA851Dae698bc7F04bf"
JoVaR-(HamZa)#9782,0x504591E0a3286D0317737dB6902a62c2414166Ca
teaser.#5271,
Diz#4331,"0x48c1C7D6800F5465454E3E1CdD814DA4159e2e9d, 0x4876cd00A796F5c2B014b5fFC684c39788A9BE9e, 0x4c46676f173d834A78B2c30c045148c28770f3B4"
kctruuu#7815,
rusachello#5831,
Proliant#4315,
Borodach#0861,
puzzlehead#5293,
Choko Khan#5869,
Maks4444#1365,
Small Daddy#8894,
imnotdoneyet#2693,
йогурт (максимка)))#6267,
starnodes#7691,
VolBog#1484,0x67e0743CFa3B999E8F2FB37b59A71A7b0b00AbD6
badboyvip#2114,0x67226EEBC32a69C7a61Bca4835dDAD101084d98D
dimka1109#2655,
Temik#0611,
Godthey#3320,
LuLBoB#0565,
sadzerr#6332,
ruchera | 🐰#8888,
DiscoShit#9221,
alexis15#9264,
EwpLine(Евгений)#1073,"0x6feA9D04c2f4eA268F18374a7881CeBfF57932dC, 0x7185503BdBe3171038E8D8d6f5be15B1971cCFA9"
Rakamakafoto#0470,
goodwin#0418,0x6CCE13e27896B024a44705Fbd009C6A01Df13a7c
EvgeniyS.#1306,0x72d591F746DaD379E4f80c6deb366C9dB8a3aD58
Flip#1686,
Q6#9218,
GidON#6790,
peterlag#8404,0x6B9513196faE799BF98836E726428EFA7Eb82edE
Conqueror#1312,
aroe.west#3474,0x6dDd85Df71E4e77cD06b67AE1AE52154c8Ac1926
andrey_5555#3753,
utkanosik#5277,
marian#8243,
OlegBorodiy#9489,
vandike#8736,0x66477e7B6f6B04bE8D3370930755f82657f1E2c4
jonny_in#5775,
Node333#8780,
socute#7900,0x4999ad82a6afc78796a18da0400197176141454b
Myfix#3305,
vit#8101,
Flip-ok#6525,
AnastasiaBarodziy#4864,0x1DC53970aa38c79A328e92C445C80CE8B722C1F8
Gryhail#3416,
alexmanilove#8229,
Log4j#7437,
Gerakl#3207,0x4dafE07A09e9A4b66fda552Dabc5cc7bCBE20aF2
casual1st#9695,
edudukin#1412,
DHK_krm#2422,"0x717DaD2E671ed78c32d914C51e765fB32a569Aa2, 0x735c0Ff99b1fB05DEA4FD5636fcEF2614F1191B9"
KhunChan#6782,0x2a57dce6b2f188ebF2693AF47fe853131C9959aB
ink#6275,0x0378cdbe9d0eff1b500dc6c2fd434a54997e4508
Kulbitsky#3669,
SereJkere#9387,
DimaMOROZ#6974,
DoppelgangerXII#0448,
pananyaYA#3927,
agunek#2463,
babi4#7111,
Леонид#8271,
Sfory#8353,
cba982#7340,
papo4kame#7608,
toxi4pro#3489,
paykYA#8002,
lipsiHA#7485,
domon#4666,
D-Elektra#0780,0x474b2ca787bf8c599fb9b5ff12659065cb56d3f6
baton#2958,
doppelganger23#1836,
alexdeve#3942,
elka#5253,
SimonK#6571,
avq1#1022,
jason123#0576,
mrworks#6774,
SanyaKemer1#1635,
baozi#1968,
resuba#3707,
myuriy#7528,0x6911eDdca6c2f16020c6082b7BA95121dF0475cB
El_node#4510,
MSV961#4839,
cyberomanov#7985,
Starbucks#8102,
ShahidM#2379,0x01800e642f53d61e6c8a850b247891ea9afd4ae7
Weregin#4090,
Enthusiast#6535,
xin#8037,0x197d6aa16b503aa30cde3739624538ef31615515
coinzzz#9819,
femiuri#8358,
0xFendiman#3523,
ngocdoan#9641,
Esorat#6269,0x6f76ee54d870b0432956afda925c462465b51e68
Ksenobayt#9049,
winner⚡#6015,
Daneron#7561,
xfrix#0452,
Максим(Екатеринбург)#5593,"0x474dAEbf77ccd6979131F9ED472592941853D335, 0x4A1B19Fa98cfF4A71DFB5B352ae2f99fd4fcE7FC"
urii.schein#4478,"0x46A229177484EAb4Ea724663bA09151Fe05B782D, 0x4e442539203Dff9FfF75089C775FE2Ecc71Ea134"
kl0ndike#9748,"0x25C1D3b0dF61Fe01D327BB65F8973AdA3aabd5AD, 0x7AdDE7330C86E09B74edEa2F0B18885B4F44fAA7"
fluffypony#0962,"0x25C1D3b0dF61Fe01D327BB65F8973AdA3aabd5AD, 0x7AdDE7330C86E09B74edEa2F0B18885B4F44fAA7"
Diana9213#8137,"0x4a5775725DaCc66220905a399fE49d4382e903e1, 0x495934fdC7CbD15e4DdCb415a300357d64E52a6d"
uralsky#3493,
Аleksandr Mensakov#4908,
chikchirikebat#4155,
axis#9563,
Rockstar#3119,
GAngsory#8380,0x01180f57e027f718ba9d438436caf8c32a86cd09
Marinagy#5643,
heist#1311,
dylan#9380,
Baron#7970,
Pasha030687#3160,0x4cf3a193d2fFd80D50aC416E80D0A7b2529fdC71
Ilya | Hello.Crypto#2521,
jipster#0379,
Дружинин Дмитрий#5629,
PHIL#7040,
Jaha#9160,
upsert#6433,
svadba_dekoru#3914,
NickG#0650,
maxymusstas#2535,0x2ac7bff2eefbb476e1349b0ec9dcb93be6c2692b
VArt#9432,
Reddi#6840,
tsunami#3663,
Andrei84#7268,"0x740fed9e8FA35ccddE7f1BC6EcCDd4a7DAa87dFD, 0x18bbDe2456C6817E5d53a85a8904EE8F220ce8e2, 0x19D2C2bad0d11E152422584Dfe6b4D6D17e16F10"
Emil77#2933,
Avdonin#9592,
mr#9464,"0x7087DfCc1a786bF3ba4C2C03947BDEf40f10268D,0x72e6eFB038515379A03A4F5f4B298B4bBeEEeabf,0x7234c4aF4F91682535c134F91E4219CC142505D9,0x75936f46db60B69dF2Ad286df06Fe65f0951Bd0C,0x6eA95cbf1895c457F0275d50588584231B0FdD15,0x6FfBDB1BdCD02a3ecD9061aEb11aB1D0360fF533,0x72D63BD27d938427e9b40a5f230ad189bBc8d030,0x7053Da79444305678BcC4b3d3A8b809df4De2932,0x725d74f2b4fb813af9DD8B6d4B9B5c9Fb22b5a72,0x7313717E14546753BAE8c8DEb1312C15589046a6,0x2b76f4E7636E8aCA3a8Dceb00B14Fd13B0DD713e,0x2F94Cb0831B854FA24e93E6d53808F922454eb32,0x49299575C7d10D3be4fF00F36edC096D79fF3468,0x603AFB9f50d2cCa92b77B126a30b97a96F526ab2,0x541FE62B62E399F3E5954870C59d39004d653D42,0x03e7371B61be5f4fC4d845438c0564635f049996,0x7d306547cEF1C9D09B1a8f52ba9f80a4664aF950,0x1BfC6da50DbA497FD30992228b75dFeBB488a18a,0x70EB7CC706d09d20194d7244d9d18E032EfeEb82,0x5d3c5F3Eba54193B0E950FD6A04088Af17ac8693,0x573160394d998198eb4a3218AE11Bc2BB3732643,0x781db67e1fEbb99553b9f8Dbb7840F8c0267d034,0x45529Be831daEA90F378b20a2f7245D216F28B93,0x70998495f2D568B6B000616F3a005b59d89194A0"
tot_samiy_chel#3573,
IcebergCrypto#9587,0x6F95Ce960cDc3abf4A5E55da4ed1e4F99a6aD0A0
YungDanix#2050,
Михаил888#8532,"0x7747362Cbf105f6b0B79726bB1BD97Ea5aA16B67, 0x7576C439189ACaDcbb23040769eD815A17c16720"
PokemonCatcher#8103,
Vercual12#8914,
GArry#6418,
Irina 8888#8794,"0x738b5952639Cbd52498E7b3bD6762EC4Db8057c3, 0x706ba9BF3c7be0Aa6AdD4547250B2Ca4a484Ae21"
Leok#5433,
albot#7445,
domart#4516,0x457E3844289B6f784ac0FDD88236BE1d1c1b1431
Itgiant1024#1082,
JackWolf#1104,
Sergey Chudarin#5114,
NailKam,
Mikhail#3595,
PafaIv#1883,
Vladimir5N#2662,
Dimus#8649,
zly000#0653,
chtotodrygoe#2455,
DRmarkoviBil#5096,"0x46Ef51a79Bd1b6971e8424c7d08a10657789c77e,0x46C059C864861FB6EA6fC630a46c9D48682248d2"
polosanatole#4656,
MariaBean#7266,
Skiba#7327,
TruTaTur#1560,"0x1a8c3184d505C34DA49cE0b477af88FbF392861e,0x1469A8B65d1145FB583021958cCa3b8dB07a5C58"
jilleendqhrea#2438,
kenan.glv#7877,"0x17913897327a0BbDe302F8C972e9AbeAB71354cE,0x1dc44DF688Dbb59F75b9b8fBc90616c2d0A5CaD7"
Romario88#8493,
Vivian#1489,
Gonfludd#9181,
laptop keyboard#0838,
marikjr#3528,
OlegIgosh#5463,0x3D0362d67888657C788EA658823e3Fd9f06189c4
Alexwrx#1576,
Igor Svit#4672,"0x40fe3C1C41E2c0340cF3be0bC7BD9F995e2bff0e, 0x3e430D9be88Ed293a76428f3D74D537f25fb042d, 0x3C41BE65b7777D1241cB6F9E11bd27a5aD697f79, 0x3d91bD031F2A64EA69fA2b97dD127753e44E9B0D"
anna_nanna#1043,
DANIIL.A#5105,
Mykola#8985,
2loop#8719,
linear zong#4988,
nanaPa6oTaeT#8630,
Çağlar#2261,
Sergio#0083,
peterpen#5181,
vladimi#8636,
Imboko#5129,
lucierserz#6672 ,
LordAeron#8429,
doraemon#6293,
Denis#7501,
sakura1169#7430,
vmdev#7377,
maybeM | Aleo#9176,
Rinat#2698,
Ariem#3485,
veta_garde#8873,
Igor55#1925,
ethann133#5298,
SBL | Knopaman#9803,
Koka#3010,"0x70f3FD792d67649352596078d4969fC2c3548e04, 0x72ea21d27fbAc67C5B6f61D6299b68255597F558, 0x76f641ca63e18df3A16E30A4B80F5107740053E2, 0x6EEF17b5a38b3A140D6ae942a46332c9fD04F628"
gutsonshena#4792 ,
strazhnyk#8582,0x646Aaa55a51e7C18E22d73f6f870682701a0C04B
dive silver#7131,
Sevr#3371,
Artas#4950,
NealIsabella#1135,
krionish#0358,
Yaroslav7995#3946,
Garik#6504,
Dimon#1222,0x71d087aa78c271fcffa9cc4ebf08fca04ea89d92
ds ts#7081,
Ilya Anikin#3783,
nyumonsha#1501,
Alexgas#6531,
mimoza#3804,
...pneumA1#1588,"0x80A5d0A5Ca9093d2c84614f91931e228B5c6B25a, 0x7b2a8f5C1C161Cf0e88cB162371d75385362ae55"
Tanya92#0859,
lol data#3374,
thedisik#3835,0x4894619a80708a4382992232a79660ba0c17ce90
BuRn#5315,
Max B.#8499,
Denys_Bohdan#5537,
roter#2439,
boriselvzaq#1676,
tirom#3037,"0x1d76bDb8e87062ec09625C5379CdE8f76d9c0A9E,0x1982C67e83A6ea096514C2A2dBED9D769829d8ae"
Vorobeishistvo#0086,
favnenok#5851,
denchik_z#9686,0x05da4f5d0b92dd3d51e4ad6212f6b7a5508538ac
lilitusup#2619,
mdx#0100,
bigweek #3227,
Nikitа5#7601,
Alex-kun#3144,
tsubylua#7240,
sprihodko#2572,
Vb12misha#8655,0x194E092C9B493e224715160ec7C2f27854113f0B
Andrii#3835,
VadymBortsov#1280,
onesmore#4505,
pudge age#7294,
nazarpelekh#8333,
spykervin#0880,
Boring_Succotash#9345,
DANTORO#7418,
Anorak#5459,"0x4db138b94d52B714E51B81C9d412Af3cC678B45B, 0x495680c7F1acEB0770bEf1218010b1dDd83baAE2"
Rusing#0488,
solstice#1155,
OlegIgoshin#6546,
GibbsOlivia#3300,
Vadimenkovlas#7439,
Anton.Doc#4521,
Catalean#0268,
Thels#5199,
barni33#5885,
ynz#7774,
HectorHart#7300,
"alvl3, alvl2, alvln1",
Belvedera#8184,0x4fe59fD0ba0be7D5Af2788B5886d10a1Ce92a20a
Arsen-tough#3656,
GirouxValerie#6200,
Kwyne#7815,
aibadelia#6873,
sowell | NodeSy#5023,
Tiamo#9129,0x46C4B207509E66f45b9fA72986CC252130D360f2
Dyachkov#3021,
Konstantin#7784,
Yola#9906,
Мариша#0137,0x47deB0B6306fdbf8b929c6D36F8B35E5e9403D05
ippon100#6201,
quia_arina_23,
Vladimir_1234#7543,"0x291dD228e7DC0f29f3D319267AAa127E4059f1BA, 0x2D9F7c413e314f6f6DFEfd517B4C056c87b438f9"
Artururur#1174,
Galina#1124,
jayjay#4970,0x2b749d044E42cf7974a3d7DAc16b39B5d88Fe0ce
Roman K#6511,
0xAN | Nodes.Guru#9991,
VirteKsTheCat#9831,0x2C036334a568d797c1ff83Daba3799A37eCd0770
Becoming#5466,
GGBB#2026,
Gordon Freeman#4502,
Oleh#0790,0x6e996506A7bCA019B00bc0a2a37999A585Df86a1
kote#1688,
LubaCool#5956,
egoras72#5460,
riddleoleh#5079,0x772A8Db91636a5dcaD39A27e4C84a698932F4356
ikkiCr64704734#6431,0x70e581ADc4E944f56A0a07823d08Ff2AE5AffFbA
Kir#7528,
SHarp_oO#2308,"0x2d007B0BB760C940d77B3b86DE24Ae54F2B1F667,0x7468B05CfFD528aAa1dF73E1Ab018Fecd7e1DB5D"
Innele #0683,
Оберин Мартеll#4943,"0x3f4752A077c68eEa4672efdfCbC7cB3A8649a09f , 0x418827233aC6B0971C3A32F107622C27275DeFB7
"
sergey busko#9798,0x08bee734791787b711cb72ae23944b36d4865753
spaunes#8486,
Alexander#7308,
VladFyodor#4137,
NikolyaPowerOFF#8044,0x2dE3E41e1F7cd9dF46f3e9b89Fb86922e7cC10aF
Vt#0086,
dcl#3329,
Mexx#5910,0x3C890ed630f93eA8cD1A82E433dBf6F445598BFB
ARTEM | DAPE#8113,0x66c5F731c03504a9af90dA6bBB59c78d67B331C6
bIVeHb#4665,
awhite96#1859,
ipavlovskyi#3883,0x1e68A827384f22e76b0D02295ABd86617A6C8714
ananasey#9915,
activn_gomes337#8014,
ultima#5461,
@Mazhid#2725,0x413D6433E85817FDb683D8236B1F2d3aA88DAE74
Greender7610#7271,
HAZE#6666,0x44a3E7c4039951d3A1F419e4D0Fb7B4be08B0d0D
yu0719#9692,
Serhii Shylo#1868,
andybut#3606,
alex94#0403,
Uncle Bogdan#5559,
jack0719#1962,
mdlog123#6466,
dillsp88#0762,
Vladik#1919,
Dreamko#5361,0x4c28da3442ee7e542ab78735c2a95f82eee98f95
versace1017#7970,
tost3r#0499,
sw#9121,
joser#9625,
denis_zloy#5735,
Andrey Kobtsev#2813,"0x81aeaba752e05d5e4c60c0e42786eaf95ab29aeb, 0x4f265B26DC0193F90207Cb3B1B85C4df07379Bc2, 0x189fb69dc9D754633B79d04e0fE4ea4C982579C2, 0x29F6C5DEc3C520fD3bd114410f87d4340ED22169, 0x318b7A8889368E2B36e44CaB218b0cecbb6307e2 0x3f516743F8cd802d33DA7eBa1800a07B20f74A6F, 0x16a5A7Ab55371361ba1fa184bc1bA29F9770D94F, 0x1a38E4099104cf9200D08a772A50f14f1F95e0A0, 0x436fB6eC4D30df012D2552E72E606C4509A8D584"
Sh1Zza#9361,
timeover#8548,
yarnik#5413,
MrP1nchy#1197,
satoshka#0243,
Danata#6592,
Arturion#7570,
rafey#5967,
INVICTUS#0873,
qwerty123#5384,
marakan82#5525,
olegin77#9014,
alexKa#6690,0x7353E803F27057E62112Cd1A87d0851093dA4061
RichardsKaren#1200,
hunterchemelli#7055,
Снег#5870,
CuencaAna#0100,
Misha#5140,
apple101#9733,
AmeliaGriffin#3300,
hannibal1207#8167,
AnnaSot#3966,
Champion#6669,"0x1deD298Fb6eA813674E77e9A738021b92b35F15c , 0x1c0F02908b78Ad9777bC017d1d3c7cB0c2D0bc52"
CptMcTawish#7530,0x2B228143071A8Bb1d59ffa99a0A0CFA0c1E6A2b9
woskeva@gmail.com,"0x1a2Ce55c38138F4602f99c7cdC2C7FCA816b2a2B, 0x190E5160BB7dFcA7CC05fb9179c1B3A85d8E84d0"
ky#4332,
Artyom#0210,"0x4924666a10d21dfecf910cff9767b228930eee5b, 0x4f7aa6b9f623cbb6952b6bcd8de84c65f65e7e35
"
Sherian#0116,
whne#1904,
Ikar#9143,
stanislau_3#5971,
hyunjong  Cho#0816,
NinaTNL#0413,
semio11111#5595,
Mykhailo#7547,
contextual#2782,
Evgeniche#4694,
BlackHareKnight#7953,"0x02b25250aa307f39b61960f31b116c471f2720e2,0x029d948d1ce39c4aad6a673cc5c656c7360663e6"
Eluha#8007,
Aaa#6281,
BIGSTAGE#5829,
Goodelijah#9561,
Arlekin#1656,
Radius#3107,
Molesterx#5383,"0x708A7dE83f21Aa66FCA46e3C78Be31899E002b4e , 0x6FB1fC29f9019FFc155684063d029cae274509a3"
Ronion#2480,
Vlad1slav#1702,
Blader#4342,
Kramarjkee#7378,
cryptocapchik#5954,
maslo248#6672,"0x672144EE4cFd533D562e9947B7517A7B2bFbe89c , 0x645A37aeFD3f989c6DfdEcFEFD67DC59247427b3 , 0x6C665418E502005F0C4cDF45678BFE83cE411494 , 0x6B55c426c587707E6485854013798cc2a7264370 .
"
Momyzlya#4182,
Tawer95#1502,
DimaWhite#4514,
8724,
verstak#3259,
mrZorg87#2996,
povar#2407,"0x67A1b7f2E573E1e853Dcc151E59dE586Da8601d4, 0x6765ad2581715c52347fC205050930d4570250ae, 0x6d9d42B976B2c4f1db894A2D07Ee95AB68FAEb1D"
Igos#0949,
SmOkE#4468,
Yehor#3476,
ManMaxMove#6147,0x08a61c5350005c15be09811d0e3e4f9b5d9fb49f
borabora#5497,
kansas city shuffle#3516,
kwerg#8501,
mixail. li#9713,
Red1878| RØ CRYPTØ#2045,
ryzh_man#0012,"0x2f453aD63046890867644692Ab131707eD217F80
0x158e0bf029bD75393b116c2b714f71828368adc5,
0x284d2CA1fCe29E910B72d311C275CD2C41418De9"
vitek#9360,"0x40652b30dD982905D74Fac9917402ddc7a3E5fD9, 0x40652b30dD982905D74Fac9917402ddc7a3E5fD9"
sind#4127,
dench7#2989,
hell0men#0694,
Костян спб#2966,
mouse#6089,
SergeyMorki#2044,
SaidanSoll#7693,
김프 사무소장#0212,
Yaroslav#4757,
global#4775,
StellarMom#5945,
Coldlapse#2124,
JeanCryptalk#2567,
Emfler#7209,
_Maxx#5559,
Glowman.sol#7758,0x3C4A9b7c17a8B12065f033d4f0F3EC86F77C4117
mikhail#0731,
akalmans#2854,
wkalmans#1688,
dayanka#4217,
Adelina Vasina#4710,
Eugene265#6215,
CryptoMafia#9303,"0x2E367729B73da245cD85dD6f7de8c553a8d83BA2, 0x2e71B46BC8379063Dfe651Dc41630bDE45df68e4
0x2E1f6Bc677054cE2552EdAC3da3f999109B8D31f,
0x6657709c07822def5324B7A8545Cab829ea5e466"
Ramis_Karaiski#9601,
Masha#5394,
GuessWho#0133,
goldstream#8764,
AHHA#8944,
Serkanol#8753,
dUmm4y#6277,
Yevgenius#7760,
Morze#9503,
Brasco#1779,
OptimusAlgo91#0945,
kostetx#8841,
Slim#0090,
chip2017#6920,"0x6AE1Ae3288e4d01bD9b02Dbf904E0f9ea1CEd837, 0x6c396f3c181478A51250d7c588B47c2731940b92"
thorizer#6652,
ternerdol76#2627,
DmitryK#8144,
Sergey777#9335,
Lesbian#5883,
Bibbes21 | MOONINGLABS#2957,
Serhii#8324,
valmon#6345,
ArtemTsymbalyuk#3472,
Albert Heijn#6261,
amskray#9771,
t3h1337#6905,
Miramon4#4024,"0x3ce4b879E3dcF8d6261136a7Ae86471019ac65A2, 0x421C65a73a41eFF1abFa5E534BD18e538b67b9Bc"
RemyTT#1273,
Pavel1007#9773,"0x6F3b4AC6a0fe3F47b38F436F53340e906311C638, 0x713A3421A75fd75507a26B8BcA1Df1650c068ff7, 0x7295559a28B96aB8C9c55475db7c7006d74Bb4FF, 0x7275B599cA23190994eF0Cc9b829B7eC9344fa54, 0x6Ac7a6C471A484b5c04aa3d6Cb6281EC7405da27 0x45Ba5586f4B0BE70C607d0968818823FFE3b4CD7, 0x4EC6c0711a217aFF1020Ad124FfC3DF501941BE4, 0x6F3b4AC6a0fe3F47b38F436F53340e906311C638, 0x15b5Fdef7B24Aa93316b3F0e9f48cca43169eebA, 0x461b94301F60Ec0087e907Aa99c3b578942b4163, 0x4397aaC6d365eBA924FAe01D9D33539191dB0e00, 0x1a1d081EB83Ca507033b24d3a8a000fd2DD92CCC, 0x46b3711794BD89D768ea6705527A4e329CcCe117, 0x6ABD6f979B3e0953b0C1024BD19C81E7B65c711D, 0x4aEA3514483907C2Be0f3bCD79189207339Ed090, 0x66879d904d15F0110CD37C8cb55201612D74cc77, 0x72363B69A95c2BB95f38e41Bb7dAefa44B2b88AD, 0x2A6e12B1B6F6E2417F3fC58ee65Bf4dBB0EEE930, "
delit_ff#0140,
MagicHalf[CrypTech]#0932,
creeek.eth#5494,
didk#8823,
darilgg#3047,
1oneder#3687,
Ali Warrior#8818,"0x3CeB6c606500780061843D542daF51642b599053
0x4B281F0eCD472738311b912d1F56181628cB7B9F,
0x1f5e4362EcF58846A55a707D143d311D7838DeD7,
0x40CD389d85E1D5205f3EA6F08FC213460952845f,
0x4f6E06b5036FcaBE445F24ed71402479c425d182

"
SergioE#5543,
lolik#3412,
MariShau#9486,
Mini cyller#7164,"0x2F29DF54109Bc4ff0D47D8C8AAbb897c0B4A8969, 0x2d26dD0946fC49545ef8F90cFe3f7b47cCceD4D8
0x2859FdAFC9b4319Df8f92a408B7D7F83a4C23bfb"
Paradigma#8706,
Artes#9997,
Platan#1097,
OksiBEL#3174,
icc#0703,
Mikhail#8294,
OZZY#8072,
Mov#4391,
AnnaLot#7434,
Dorian Gray#7221,-
asuohann#9181,
bagdad#0613,
yeodi#3234,
Rossignolskier#2733,
4itor#1979,
ne_zlog#2751,-
Andre1#6169,
wellaniabi#8813,
___anna___#6535,
DenPu#5697,
lfc18#0434,
Alex_Kaprizz#0299,
andreikohnovskiy#1235,0x69BC8c147736F2d9B1F4FdFadea1DCee6AECE39f
abramovich#3547,0x651a2a5Ea1C609804804a3d7161f1614f5D3Db34
webnerdist#9261,
rumyancev#9857,0x64AC1CD0362B8cc94C1e9fE8Ba95f35Ee1a2a95B
fedornyas#4519,0x6B461b7B64e6bf18E834AC3C17ff10c6D1AB0a53
karpovnich#2454,0x650b4d7803bA22375B8290665D73f4DfDf6c28BB
Torbar#1349,
levayashka#9686,0x1b525Ed0986055d324b9A345b63B7044d80317cD
davsergun#6774,0x1A5fB61D6A68a58D148Ed4495B5b21a738bD0da3
lazybuzz#7374,
BlueJean#1732,
archinard#8912,
SampleText#8574,
kriptachina#6123,"0x097f4bacceaed8f7505060b253184a46ccd45953, 0x13f796d5c4a927b09327f8e7489602dedbe33683, 0x339e78cd4f414d5cd4603bc5878db27b9cca69ba, 0x5a548cfd6d87ad4c9da68926d6bae17e785f6ebe, 0x1be70ef11266831300742bb3f946d03e1f104da2 0x267cc1a773441708c035e0c185f2dad0986176e9, 0x2a3adc2b3113a13abbab5bf7b123616c6f025341, 0x4596bdd3f188456aa32798777d2717d427698d31, 0x47c7bc2445d9e1f894c4259663abbc8113749ba7, 0x5799175403910a7fc29ddd435fb8cbca5776aadf, 0x6bdb4bee066f9e8501b541f56763a8ef3f695c32, 
0x72c71cc9410ac7d9e012fb52253a80a8dbdf02f9, 0x7b25db616ad356173d408ddca173921a57dc188d"
tori_elro#2772,
SpaceTraveler#3020,
yoyo1#6830,
Magnat79#7309,
DbIM OK!#0500,
MegaBosS#6853,"0x2b3eef560437E8150B6CE9b2f290B0195744d1F2, 0x2c43b585D63335B7621F4A987c0AEFc43125082a"
swtmbx#4627,
onesweet#3780,
smoking01#7096,
Mr_Pool#6368,
twosweet#4692,
aaaaallll | ChainOps#9543,
threesweet#4240,
fatimawareo#7233,
wardar#8424,
GeoKraken#5229,
TonyChayoni#7688,
TosLem#9487,
glukoss.Inc#9485,"0x771a3FdE5aCB0D6725211b20371aC031c22C0a3e, 0x6F60449b557e7FCc1d21Ef2a9Cb587bBF9f24F01, 0x76AF218f5C9357803fEE5DF0b242Ca60C728a2ed, 0x7276E2b97D67392EDFFc9e930df48824aD624358, 0x760CF330B4B9A22B254dc8d5DB4f566e788486C8 0x734C245cDDe9c4abB1675D129bfAb087034d86b2"
SAKURA#0129,
Fantomas#2816,
Alex21rus#2487,0xf892fBb3F4D395eDAa1e44a64D21CBF74682Aa6A
rb#1683,
sr20de#7650,0x7099Ebd964B203E02235D0f3E8699CE61834b698
BlueFireDreams#7907,0x7048E2a719633C5AF1fe0Aa11F75F4c64916B2F5
alexiyko#2295,
Karagi#0510,
PinkPanther#6651,-
Slepkov#6605,0x4D6f225B205944c5Ad099Bd85e64986F7F8E2B82
EvgeniyMamin#4588,
youngha#9048,
YuliaMat#1747,
ruinova#3526,
ihorprutian#8468,
VikKuzzmina#3012,
Kikalxd#9999,
Pupa#0055,
Entl#0523,
soonIm Kang#6200,
KBADPaTuK#1830,
wsungc#5697,
KBaDPaTuK#1830,
KBaDPaTuK#1830,
sahbutdinovrinas#3201,
smartshall#3641,
cyberguy#0435,
Ms Kang#5292,
dr sir#0486,
ASM#4806,
RedHead#2101,
SerGo#8747,
volgariver#7761,
banghj#9194,
Top#9489,
DAO#0341,
GHOUL#5317,
sandyman#4921,
silent666#8303,
mishal#4562,
Vitalik#9403,
Yngvarr[Игорь]#6934,
Kuzma#9283,0x4Af2054bc5feEeDC255c48023797692cf587d167
ManFromHell (Иван)#9613,
vlad_connect#0889,
Liver#1860,
saabtest#4438,0x720020Aca31d40a43999E5D03F8BBA0d920f3890
Savik#9606,
Rav_9999#0737,
JuliaO#5064,
Vladyslav#4067,
Gendarme#2781,"0x29Fb6ED655Bb557b7d648cbb9B7A765eC21F606E , 0x302DC29F132F3E26A2Fb579e9Ee402a919e6AE3C"
paninghenya#5837,0x1c04e1088cBf4e04027b109cAD260eB167CBe3D3
kasper#1561,0x2728006cEa70B2dA88CcE28a4f383F68cc0f935F
Matrin#4016,0x26e5DCA6f2f707bFA8291eCC0222D2ceCaa05F6E
abrartov#5435,0x20045F2664d1b68EED853A05dde9081f42EcaF84
Primat#6030,0x44c349E32395cF513fdf0c0EFc174cb8BF5fBDA1
Sergey Zvezdin#1990,
Олеся|Ogni#7510,
Revizor#8231,
KlausLikeBeer#3900,
label73#4872,
marcuz#2115,
Артемий#9683,
Deendy#6623,
LemonUser1919#5772,
Xopek#8185,
SeptimA [NODERS]#9554,
Yarik#8352,
Tata#3696,
leroylamboi#7701,
Александр2828#3914,
☩swizzi☩#8329,0x0767d31b0d7671c3e97c6abed055a26fb59b4149
JleUTeHaHT#2320,
Frusciante#0550,
Maximilian#1583,
Kent#8549,
Людмила#9566,0x7716F649E1D4489928Dd0830f290F930680E4421
VictorN#2260,
RageDe | KurateDAO#9637,
dmykff#6584,0x4e2Bcf65d1E792B8a2EFF6f7ACf4d6F992f62393
ryssroad#7010,
Hivoltage#5641,
Наиль#7550,0x7a59b17a060528eD1259aa2c44dC91746Ddd7dA9
EnigmaAI#6730,
geforcen777#7760,
lordi777#5589,
mumika777#4467,
SKiFF#5580,
Fleizz#9667,
Tepm#7647,
luxxx#5519 ,
_AxelSnake_#7330,
Giga#7866,
Аля | RØ CRYPTØ#3228,
llovelyll#8474,
Denis BR#7386,
Andrey1209#7357,
FNORD#5850,
sandipops#6400,
SopranoLight#3745,
Zelivsky#3054,
ALK#9295,
Artem Lyndov#5474,
flakeman#1739,
tsmartem#0270,
AgentSteinberg#9568,
bennyhana321#2123,
madadicrew#2432,
Vissam#7813,
tianderkiuas#4104,
krohobor#2084,0x3e40A499103F6E173A014Ce014ed3b875BF48826
Xronos21#9093,0x6622b50892826C8Bb886832763A124184454C125
PraStarix#2088,0x4dD1a2d6DAC43a59470EB7F527A4F8607e9E28D0
probanist#1071,0x49b782e4c5FA417864e6f0dfec7590beaf6Ae5C4
artullium#7661,0x4e344bee36173476A443Bc5967E49C32Dcd39683
Евгений Малиновский#7285,
Kot9610#9247,0x693bE9514aBf92Bc2C1b17e62477D70bB0aD71e1
rulezzz1996#7757,
midlet#9567,
gilbert888#0555,
v1tall#2636,
Iri#3433,
cam57#0522,
JaxaDjan#2856,
Wfb#6680,
Melo#8558,
dead_m0r0z#1685,
Чикипоки#4271,
SneG_UrkA#7115,
dr0p8#1290,
hostel777#6621,
str1v3r#9292,
Vebust#5291,
Hugogleb#0679,0x0e95989d960d2ca907043b5424a576caca47e996
itsys4#0931,
stanel#6435,
ntkach85#5439,
Kokosnuß#1980,
d1rect#2327,
AstroCat#2277,
Go Up#6175,0x70Bc161D1C9eC7249Ca11c6c61A193df3c87e552
Vovan#1936,
Павел Шарман#9926,
Fastintop#6606,
kelpie#6645,
SpadaValerio#4539,
VilhelmBerglund#6990,
LambertValerie#4124,
Denda | KurateDAO#2574,
BOMJ#8444,0x716875E8874a3645B74282394Ff73CC14b74d705
Valeria1743#0986,0x64c50f26EE831110c7586F347Ea132ae409a2418
Alex1981#8062,
PencilDetrov#5834,0x1c03a78393A2978e7E9836DC4Db6aF78578F0fbf
OlegPulenko#6376,
PapochkaRocket#2847,
marmalade#8856,
Cemal#5981,
Doctor_Strange#9784,
Morbio#1953,
zismo#3650,
GiacomoBonelli#3436,
JoanMorton#8678,
MelvinMorrison#2789,
KMS#1386,
Rmanwork#6421,
BlackAmie#9316,
ThomasEve#4485,
IziDAO#2876,
Konos#6816,
dizza#9624,
lipsiHA#7485,
bitocXYec#8002,
Reacher#8970,
4ipolino#8386,-
hjusti#0095,
Eugeniy#7790,
blvckfx#9318,
lemon_joe#6360,
gvdlv4#1911,
zwiftscka#4911,
kasi#7352,
Natalia#3647,
pernatik08#7588,
Rodarius#9224,
wiaim#2444,
Vsevamp#1289,0x65Fe90Ec7CD8d7fDEf8514abE78EC2551af979cC
mheez#6867,
Dmytro#2698,
Rones | EarthCall#3796,
chernobeloe#3592,
Raduli4ka#0504,
Grishin#5445,
evgeniya.5#8647,
Pavil#0154,"0x6ff9C973dD9c7Bb917018eBa18d7c38C4Cb504c4 , 0x77C334039E856973c9af14A88F46F4507bb5288F"
Modest#8132,
Sbroll#4927,
garbagehoops65#2965,
walletmajor55#1193,
Sasha Movchan#4304,
frost136#2294,
Nastya Parkhomenko#3949,
w4k3#5257,
monk#6041,
onemore#1721,
Elanic#2343,"0x44f7437B94A89c02769ED6533171bda20014C426 , 0x41f6c62Bcb43bDB6a1a79d37cf62DF66dB691Bf7"
Bladin#5744,
medoed#8988,
aha#0890,
romadancha#1571,
Nakhid#7839,
Karyna Mykulska#6077,
Abich#4774,
HilolaV#1720,0x18AfF0e41fcf48d3Ef0F27757130882b0a44831e
vlasova64.elena#6637,0x1CA4A4c1BF739fA8eB71B5431Cab1Df41496a1cA
Vlad83#1748,0x1536cb1695e3606bFFF91f7Bfd456cd2d0bCE453
Vetal34#6467,
rudnevsky#3777,
anil2ec4#1684,
Arda#3100,
daylsy#2501,
aasssd#9577,
BULVER#2706,
freakamatik#3200,
ddminerv#9029,
arturcryp1on#9659,
Kiri#3923,"0x75F732606059563EF516cbefB0F3209d4F839c7D, 0x6e36086CE2c153C6dF2fF59672a5ffd3957e6B4f"
Denis Tesla#9252,
pahaha#9549,
Ole#5863,
Zhanna#5297,
smoky_outlaw#3241,
Mav3rick_iphone#2690,
Владимир716#8453,
Den007#0014,
polpol#6294,
ShermanC#4173,
kctruuu#7815,
Hero1n#7021,
Oliverkoast#9036,
pillowbed34#7758,
abewol01#9757,
Masta Zamsta#8818,
HAPE | ukrotitell#3283,
RomanTym#9893,
Marakaya#4476,
Masta Zamsta#8818,
HAPE | ukrotitell#3283,0x01dd0e259e52bf4bd931a51a42996378699ae588
RomanTym#9893,
Marakaya#4476,
FLOPPA#9270,0xE33141C573D479063D2F7BE15f6Ca66Ac879912c
SHKILYA CRYPTO#4378,
Malevichkv#8162,
bitdealer91#7346,
VoogariX#4905,
K921#2538,
nzrpp#9603,
Criand#7349,
Echoo#5718,
teenu4#9753,
Alexander_Karpov#7158,
TamilChain#0796,
Matvei 228#3999,
vanjusha#0552,
KirillYk#4954,0x09d756d166a2b600f4f667228fa1c34834e17ec5
lopegor#5669,0x11a03db52d12201e614466cb98ec5d49a1205bda
Lokkero#1203,
SRG_TS#3470,
turtless#6379,
Oleksii#1792,"0x810c3a0bd389e9bed6b07c2330fe2add35a04d0, 0x0500069b90f5878448750a56bc89fc0e8e89b793, 0x68628c21de514c5b2782bdd0bdfaa4d8dff133ec"
ouont#8865,
stepan_vtb#3892,
reb0rn#2666,
Dzmitry Adam#6286,
st.Game#8486,
Palamar#8610,
wArz#9419,
mrlx24#0905,
Fible1#2783,
Fatilio#8492,
M.Lemina#7041,
tradingkilla#4995,
yoloncrazy#5153,
Upyaker#6709,
Roman777#3407,
,
,
,
,
,
,
,
,
,
,
,
,
,
,
,
,
,
,
,
,
,
,
,
,
,
,
,
,
,
,
,
