,0
nan,
brat_kapusta#6395,7000.0
mnP.docx#6898,5600.0
IvanNovikov#3052,5200.0
Masta Zamsta#8817,6000.0
HAPE | ukrotitell#3282,6000.0
RomanTym#9892,6000.0
Marakaya#4475,8000.0
FLOPPA#9269,8000.0
SHKILYA CRYPTO#4377,5200.0
Malevichkv#8161,6000.0
bitdealer91#7345,7000.0
VoogariX#4904,5200.0
K921#2537,7000.0
nzrpp#9602,8000.0
Criand#7348,6000.0
Echoo#5717,5200.0
teenu4#9752,6000.0
Alexander_Karpov#7157,6000.0
TamilChain#0795,6000.0
Matvei 228#3998,6000.0
vanjusha#0551,6000.0
KirillYk#4953,7000.0
lopegor#5668,6000.0
Lokkero#1202,5200.0
SRG_TS#3469,6000.0
turtless#6378,5200.0
Oleksii#1791,6000.0
ouont#8864,8000.0
stepan_vtb#3891,6000.0
reb0rn#2665,8000.0
Dzmitry Adam#6285,8000.0
st.Game#8485,5400.0
Palamar#8609,5200.0
wArz#9418,8000.0
mrlx24#0904,6000.0
Fible1#2782,8000.0
Fatilio#8491,6000.0
M.Lemina#7040,6000.0
chelsea smile#8177,6000.0
Rouge one#9407,5200.0
voody#7851,7000.0
NecronomicoN#3370,5400.0
MaDisGooD#2099,6000.0
andriitws#3505,6000.0
WhitePunk#3649,7000.0
Antoha#3328,0.0
invisiblemix#7527,6000.0
mi-danil#4460,5200.0
btakakho#6753,5600.0
kopi#8399,6000.0
Pagnaa#5861,6000.0
Ilya#6827,6000.0
benbenovich#8262,5400.0
Ar$oneR#6630,5200.0
CrNepos#3430,6000.0
Instinckt | Let's Earn#2431,6000.0
Maryna#1797,
kerak69#4633,7000.0
skyparking#0801,5200.0
DiRiK#4551,5200.0
Yurbason#0834,6000.0
lxssl#5040,7000.0
yamakasee#8483,5600.0
pelyp#5566,6000.0
danyaho#6425,5200.0
uvi#9485,5600.0
Cepera#4835,6000.0
paddyson#5479,6000.0
Merkuloy#5140,5600.0
kartraiter#0154,5200.0
Cherny Dmitry#4381,6000.0
Aleksei#7906,5400.0
Xeppod#6037,8000.0
Dimmvvv#4604,5200.0
Alenya#6361,5200.0
Vladislav#8328,7000.0
Olgaos#5622,8000.0
stomik#4858,7000.0
restingrest#3652,6000.0
C0cry#7294,5400.0
SerjRamone#0972,6000.0
ROYAL#8779,6000.0
Julka#0526,7000.0
Arthurreih#4816,5200.0
Eugene002#0913,8000.0
makson#6167,5400.0
Aiguna#8591,5600.0
Limp#3359,5200.0
alegop#1911,5200.0
pea#9501,5600.0
Aerobunny#9578,0.0
Chernova#3409,6000.0
ALDIVINO#1514,7000.0
barisaltundr#8334,7000.0
avently#6815,8000.0
dobrotabus#8553,6000.0
scaramanga.#6067,8000.0
Vadim92#9513,8000.0
nilsonleow#9421,7000.0
Kumzy#1902,7000.0
barspb#2646,5400.0
biggen#7714,5200.0
Moroz#8487,6000.0
vazzak#0807,5200.0
Checrygin#8794,8000.0
L.S#3910,6000.0
Emrullah#4742,6000.0
MrAlehandro#7342,5600.0
Magistrr#6496,5200.0
a-pon#0117,5200.0
leet1337#5314,7000.0
alalaololo#9258,6000.0
–∫—Ä–∏–ø—Ç–æ–¥–µ–¥#7148,8000.0
liveevill | DOUBLE TOP#8420,7000.0
hai#8450,5600.0
Cryptos#9995,5600.0
SergeiVlD#7439,6000.0
tulpok#2124,5200.0
Kermena#1018,5200.0
Dmitriy.cr#7212,6000.0
kvant19#3583,5200.0
Stanislav#0901,6000.0
Galich_Sergey#1807,6000.0
mikhail_k#3595,6000.0
Manila#2538,8000.0
Voynitskiy | AlxVoy#7896,6000.0
Zhantai#1855,6000.0
sadheadcrab#0310,5600.0
Munris#1311,5200.0
aharris#9103,6000.0
alek#2459,5200.0
Luftmenschz#1511,6000.0
arthur#0273,6000.0
Dzmitry Orlov#5476,6000.0
Xatavr#7537,
irina2346#7152,5200.0
AndreyT25#0825,5400.0
ReggieLedoux#8588,5600.0
zip#3622,5200.0
valryb#3563,5600.0
Lumin#8481,5400.0
SAiLaS#6859,8000.0
Vvegas_#4878,7000.0
VITALII#6561,6000.0
icon_livin#4831,6000.0
Mavtey#9560,5200.0
toxicofftest#7657,6000.0
t0x#1942,6000.0
Fleisch#7911,5200.0
Venidiktov#3552,6000.0
Dido Goode#8106,6000.0
vihamko#0080,
k9#8966,8000.0
andy0x#5928,6000.0
Den453#8496,8000.0
svgGlizzy#3594,
samers#0105,5600.0
Aliaksandra#3970,6000.0
Untitled73#0687,7000.0
kvmizu#5704,5200.0
collisio#4133,5200.0
whiteshrekk#1296,8000.0
Rugby (1/2 Lost in Beijing)#5405,6000.0
–¢—â–µ—Å–ª–∞–≤–Ω—ã–π/–°–µ—Ä–≥–µ–π#4581,6000.0
romanbios#8023,6000.0
dimakorgenok#6226,6000.0
Mari1#3884,6000.0
DREAMEK#5938,6000.0
hddn#3948,6000.0
digpapas#5817,6000.0
Knokio#1057,6000.0
Tatyana0984#7796,5200.0
Eleex#1438,5200.0
LeMans Roman#9018,5200.0
bvk94#1651,5200.0
JetSet#7099,5600.0
Dinis N#8794,7000.0
AAlex#6238,0.0
Instant | playhard#0713,8000.0
–≥–æ–ª–æ–∂–µ–ø–∏–∫#3591,8000.0
roger_rabbit#1124,6000.0
PLCB#5545,5600.0
Eduard O#3625,5600.0
JoVaR-(HamZa)#9782,6000.0
teaser.#5271,8000.0
Diz#4331,5400.0
kctruuu#7815,5400.0
rusachello#5831,5600.0
Proliant#4315,6000.0
Borodach#0861,5200.0
puzzlehead#5293,5600.0
Choko Khan#5869,5400.0
Maks4444#1365,6000.0
Small Daddy#8894,7000.0
imnotdoneyet#2693,5600.0
–π–æ–≥—É—Ä—Ç (–º–∞–∫—Å–∏–º–∫–∞)))#6267,8000.0
starnodes#7691,5200.0
VolBog#1484,5200.0
badboyvip#2114,
dimka1109#2655,8000.0
Temik#0611,5200.0
Godthey#3320,8000.0
LuLBoB#0565,6000.0
sadzerr#6332,6000.0
ruchera | üê∞#8888,6000.0
DiscoShit#9221,5200.0
alexis15#9264,7000.0
EwpLine(–ï–≤–≥–µ–Ω–∏–π)#1073,8000.0
Rakamakafoto#0470,5200.0
goodwin#0418,
EvgeniyS.#1306,6000.0
Flip#1686,5200.0
Q6#9218,6000.0
GidON#6790,5200.0
peterlag#8404,
Conqueror#1312,5400.0
aroe.west#3474,
andrey_5555#3753,7000.0
utkanosik#5277,5200.0
marian#8243,6000.0
OlegBorodiy#9489,6000.0
vandike#8736,
jonny_in#5775,5600.0
Node333#8780,7000.0
socute#7900,6000.0
Myfix#3305,6000.0
vit#8101,6000.0
Flip-ok#6525,6000.0
AnastasiaBarodziy#4864,6000.0
Gryhail#3416,6000.0
alexmanilove#8229,6000.0
Log4j#7437,6000.0
Gerakl#3207,8000.0
casual1st#9695,5200.0
edudukin#1412,8000.0
DHK_krm#2422,6000.0
KhunChan#6782,6000.0
ink#6275,8000.0
Kulbitsky#3669,6000.0
SereJkere#9387,6000.0
DimaMOROZ#6974,5600.0
DoppelgangerXII#0448,7000.0
pananyaYA#3927,5600.0
agunek#2463,5600.0
babi4#7111,5600.0
–õ–µ–æ–Ω–∏–¥#8271,7000.0
Sfory#8353,5600.0
cba982#7340,8000.0
papo4kame#7608,5600.0
toxi4pro#3489,5200.0
paykYA#8002,5600.0
lipsiHA#7485,8000.0
domon#4666,8000.0
D-Elektra#0780,8000.0
baton#2958,5600.0
doppelganger23#1836,8000.0
alexdeve#3942,5600.0
elka#5253,5600.0
SimonK#6571,8000.0
avq1#1022,6000.0
jason123#0576,5600.0
mrworks#6774,5200.0
SanyaKemer1#1635,5200.0
baozi#1968,5600.0
resuba#3707,7000.0
myuriy#7528,6000.0
El_node#4510,8000.0
MSV961#4839,6000.0
cyberomanov#7985,8000.0
Starbucks#8102,8000.0
ShahidM#2379,7000.0
Weregin#4090,8000.0
Enthusiast#6535,8000.0
xin#8037,8000.0
coinzzz#9819,6000.0
femiuri#8358,6000.0
0xFendiman#3523,6000.0
ngocdoan#9641,5200.0
Esorat#6269,7000.0
Ksenobayt#9049,5400.0
winner‚ö°#6015,8000.0
Daneron#7561,5400.0
xfrix#0452,6000.0
–ú–∞–∫—Å–∏–º(–ï–∫–∞—Ç–µ—Ä–∏–Ω–±—É—Ä–≥)#5593,7000.0
urii.schein#4478,7000.0
kl0ndike#9748,8000.0
fluffypony#0962,8000.0
Diana9213#8137,6000.0
uralsky#3493,7000.0
–êleksandr Mensakov#4908,7000.0
chikchirikebat#4155,5600.0
axis#9563,8000.0
Rockstar#3119,8000.0
GAngsory#8380,8000.0
Marinagy#5643,5200.0
heist#1311,8000.0
dylan#9380,6000.0
Baron#7970,7000.0
Pasha030687#3160,5200.0
Ilya | Hello.Crypto#2521,8000.0
jipster#0379,8000.0
–î—Ä—É–∂–∏–Ω–∏–Ω –î–º–∏—Ç—Ä–∏–π#5629,6000.0
PHIL#7040,6000.0
Jaha#9160,5600.0
upsert#6433,8000.0
svadba_dekoru#3914,5200.0
NickG#0650,6000.0
maxymusstas#2535,5600.0
VArt#9432,8000.0
Reddi#6840,6000.0
tsunami#3663,5600.0
Andrei84#7268,5400.0
Emil77#2933,6000.0
Avdonin#9592,5200.0
mr#9464,5400.0
tot_samiy_chel#3573,5200.0
IcebergCrypto#9587,5200.0
YungDanix#2050,5600.0
–ú–∏—Ö–∞–∏–ª888#8532,6000.0
PokemonCatcher#8103,5200.0
Vercual12#8914,5200.0
GArry#6418,5600.0
Irina 8888#8794,
Leok#5433,6000.0
albot#7445,8000.0
domart#4516,5200.0
Itgiant1024#1082,6000.0
JackWolf#1104,8000.0
Sergey Chudarin#5114,6000.0
NailKam,6000.0
Mikhail#3595,7000.0
PafaIv#1883,5200.0
Vladimir5N#2662,8000.0
Dimus#8649,6000.0
zly000#0653,8000.0
chtotodrygoe#2455,6000.0
DRmarkoviBil#5096,6000.0
polosanatole#4656,5200.0
MariaBean#7266,8000.0
Skiba#7327,6000.0
TruTaTur#1560,5600.0
jilleendqhrea#2438,8000.0
kenan.glv#7877,
Romario88#8493,6000.0
Vivian#1489,8000.0
Gonfludd#9181,6000.0
laptop keyboard#0838,7000.0
marikjr#3528,6000.0
OlegIgosh#5463,5600.0
Alexwrx#1576,7000.0
Igor Svit#4672,6000.0
anna_nanna#1043,5400.0
DANIIL.A#5105,6000.0
Mykola#8985,6000.0
2loop#8719,5400.0
linear zong#4988,5600.0
nanaPa6oTaeT#8630,5600.0
√áaƒülar#2261,6000.0
Sergio#0083,6000.0
peterpen#5181,5200.0
vladimi#8636,5200.0
Imboko#5129,8000.0
lucierserz#6672 ,8000.0
LordAeron#8429,6000.0
doraemon#6293,5200.0
Denis#7501,6000.0
sakura1169#7430,5200.0
vmdev#7377,5400.0
maybeM | Aleo#9176,8000.0
Rinat#2698,6000.0
Ariem#3485,8000.0
veta_garde#8873,5400.0
Igor55#1925,6000.0
ethann133#5298,6000.0
SBL | Knopaman#9803,8000.0
Koka#3010,
gutsonshena#4792 ,5400.0
strazhnyk#8582,5400.0
dive silver#7131,5600.0
Sevr#3371,6000.0
Artas#4950,5400.0
NealIsabella#1135,5200.0
krionish#0358,7000.0
Yaroslav7995#3946,6000.0
Garik#6504,7000.0
Dimon#1222,6000.0
ds ts#7081,5600.0
Ilya Anikin#3783,6000.0
nyumonsha#1501,5600.0
Alexgas#6531,6000.0
mimoza#3804,8000.0
...pneumA1#1588,6000.0
Tanya92#0859,5200.0
lol data#3374,5600.0
thedisik#3835,5200.0
BuRn#5315,6000.0
Max B.#8499,6000.0
Denys_Bohdan#5537,6000.0
roter#2439,6000.0
boriselvzaq#1676,5600.0
tirom#3037,6000.0
Vorobeishistvo#0086,8000.0
favnenok#5851,5400.0
denchik_z#9686,8000.0
lilitusup#2619,5600.0
mdx#0100,7000.0
bigweek #3227,8000.0
Nikit–∞5#7601,5200.0
Alex-kun#3144,8000.0
tsubylua#7240,5600.0
sprihodko#2572,6000.0
Vb12misha#8655,6000.0
Andrii#3835,5200.0
VadymBortsov#1280,6000.0
onesmore#4505,7000.0
pudge age#7294,5600.0
nazarpelekh#8333,6000.0
spykervin#0880,5200.0
Boring_Succotash#9345,7000.0
DANTORO#7418,5200.0
Anorak#5459,5200.0
Rusing#0488,8000.0
solstice#1155,5600.0
OlegIgoshin#6546,5600.0
GibbsOlivia#3300,6000.0
Vadimenkovlas#7439,5200.0
Anton.Doc#4521,6000.0
Catalean#0268,5600.0
Thels#5199,7000.0
barni33#5885,7000.0
ynz#7774,6000.0
HectorHart#7300,6000.0
"alvl3, alvl2, alvln1",8000.0
Belvedera#8184,8000.0
Arsen-tough#3656,7000.0
GirouxValerie#6200,6000.0
Kwyne#7815,7000.0
aibadelia#6873,5400.0
sowell | NodeSy#5023,8000.0
Tiamo#9129,
Dyachkov#3021,6000.0
Konstantin#7784,6000.0
Yola#9906,5400.0
–ú–∞—Ä–∏—à–∞#0137,
ippon100#6201,6000.0
quia_arina_23,6000.0
Vladimir_1234#7543,5600.0
Artururur#1174,8000.0
Galina#1124,6000.0
jayjay#4970,5600.0
Roman K#6511,5600.0
0xAN | Nodes.Guru#9991,5200.0
VirteKsTheCat#9831,5200.0
Becoming#5466,6000.0
GGBB#2026,6000.0
Gordon Freeman#4502,8000.0
Oleh#0790,
kote#1688,6000.0
LubaCool#5956,8000.0
egoras72#5460,5600.0
riddleoleh#5079,
ikkiCr64704734#6431,
Kir#7528,6000.0
SHarp_oO#2308,
Innele #0683,6000.0
–û–±–µ—Ä–∏–Ω –ú–∞—Ä—Ç–µll#4943,5400.0
sergey busko#9798,6000.0
spaunes#8486,5600.0
Alexander#7308,6000.0
VladFyodor#4137,6000.0
NikolyaPowerOFF#8044,
Vt#0086,5200.0
dcl#3329,6000.0
Mexx#5910,5200.0
ARTEM | DAPE#8113,5200.0
bIVeHb#4665,
awhite96#1859,7000.0
ipavlovskyi#3883,
ananasey#9915,6000.0
activn_gomes337#8014,6000.0
ultima#5461,5600.0
@Mazhid#2725,6000.0
Greender7610#7271,7000.0
HAZE#6666,7000.0
yu0719#9692,7000.0
Serhii Shylo#1868,8000.0
andybut#3606,6000.0
alex94#0403,5400.0
Uncle Bogdan#5559,6000.0
jack0719#1962,7000.0
mdlog123#6466,8000.0
dillsp88#0762,5400.0
Vladik#1919,8000.0
Dreamko#5361,7000.0
versace1017#7970,5200.0
tost3r#0499,7000.0
sw#9121,5600.0
joser#9625,7000.0
denis_zloy#5735,6000.0
Andrey Kobtsev#2813,5200.0
Sh1Zza#9361,6000.0
timeover#8548,7000.0
yarnik#5413,6000.0
MrP1nchy#1197,6000.0
satoshka#0243,8000.0
Danata#6592,5600.0
Arturion#7570,8000.0
rafey#5967,7000.0
INVICTUS#0873,6000.0
qwerty123#5384,5600.0
marakan82#5525,6000.0
olegin77#9014,6000.0
alexKa#6690,8000.0
RichardsKaren#1200,6000.0
hunterchemelli#7055,6000.0
–°–Ω–µ–≥#5870,7000.0
CuencaAna#0100,8000.0
Misha#5140,5200.0
apple101#9733,7000.0
AmeliaGriffin#3300,7000.0
hannibal1207#8167,6000.0
AnnaSot#3966,
Champion#6669,5200.0
CptMcTawish#7530,6000.0
woskeva@gmail.com,
ky#4332,5600.0
Artyom#0210,8000.0
Sherian#0116,5400.0
whne#1904,8000.0
Ikar#9143,7000.0
stanislau_3#5971,6000.0
hyunjong  Cho#0816,5600.0
NinaTNL#0413,6000.0
semio11111#5595,5400.0
Mykhailo#7547,8000.0
contextual#2782,7000.0
Evgeniche#4694,7000.0
BlackHareKnight#7953,6000.0
Eluha#8007,5400.0
Aaa#6281,
BIGSTAGE#5829,5400.0
Goodelijah#9561,7000.0
Arlekin#1656,8000.0
Radius#3107,5200.0
Molesterx#5383,5600.0
Ronion#2480,5200.0
Vlad1slav#1702,5200.0
Blader#4342,5200.0
Kramarjkee#7378,5200.0
cryptocapchik#5954,6000.0
maslo248#6672,8000.0
Momyzlya#4182,6000.0
Tawer95#1502,5600.0
DimaWhite#4514,6000.0
8724,7000.0
verstak#3259,5600.0
mrZorg87#2996,5400.0
povar#2407,8000.0
Igos#0949,5200.0
SmOkE#4468,6000.0
Yehor#3476,6000.0
ManMaxMove#6147,6000.0
borabora#5497,6000.0
kansas city shuffle#3516,7000.0
kwerg#8501,8000.0
mixail. li#9713,5600.0
Red1878| R√ò CRYPT√ò#2045,6000.0
ryzh_man#0012,
vitek#9360,5600.0
sind#4127,6000.0
dench7#2989,6000.0
hell0men#0694,5200.0
–ö–æ—Å—Ç—è–Ω —Å–ø–±#2966,5200.0
mouse#6089,6000.0
SergeyMorki#2044,6000.0
SaidanSoll#7693,6000.0
ÍπÄÌîÑ ÏÇ¨Î¨¥ÏÜåÏû•#0212,6000.0
Yaroslav#4757,7000.0
global#4775,6000.0
StellarMom#5945,6000.0
Coldlapse#2124,6000.0
JeanCryptalk#2567,8000.0
Emfler#7209,6000.0
_Maxx#5559,7000.0
Glowman.sol#7758,8000.0
mikhail#0731,5400.0
akalmans#2854,6000.0
wkalmans#1688,6000.0
dayanka#4217,6000.0
Adelina Vasina#4710,6000.0
Eugene265#6215,8000.0
CryptoMafia#9303,
Ramis_Karaiski#9601,6000.0
Masha#5394,7000.0
GuessWho#0133,6000.0
goldstream#8764,7000.0
AHHA#8944,7000.0
Serkanol#8753,6000.0
dUmm4y#6277,5200.0
Yevgenius#7760,6000.0
Morze#9503,6000.0
Brasco#1779,5200.0
OptimusAlgo91#0945,6000.0
kostetx#8841,6000.0
Slim#0090,6000.0
chip2017#6920,6000.0
thorizer#6652,7000.0
ternerdol76#2627,6000.0
DmitryK#8144,6000.0
Sergey777#9335,5400.0
Lesbian#5883,6000.0
Bibbes21 | MOONINGLABS#2957,7000.0
Serhii#8324,6000.0
valmon#6345,6000.0
ArtemTsymbalyuk#3472,5600.0
Albert Heijn#6261,6000.0
amskray#9771,5400.0
t3h1337#6905,5200.0
Miramon4#4024,6000.0
RemyTT#1273,5600.0
Pavel1007#9773,5200.0
delit_ff#0140,5600.0
MagicHalf[CrypTech]#0932,6000.0
creeek.eth#5494,5600.0
didk#8823,8000.0
darilgg#3047,5600.0
1oneder#3687,5600.0
Ali Warrior#8818,5400.0
SergioE#5543,6000.0
lolik#3412,5600.0
MariShau#9486,6000.0
Mini cyller#7164,6000.0
Paradigma#8706,7000.0
Artes#9997,6000.0
Platan#1097,8000.0
OksiBEL#3174,5600.0
icc#0703,6000.0
Mikhail#8294,5400.0
OZZY#8072,5600.0
Mov#4391,5400.0
AnnaLot#7434,6000.0
Dorian Gray#7221,6000.0
asuohann#9181,8000.0
bagdad#0613,6000.0
yeodi#3234,5200.0
Rossignolskier#2733,7000.0
4itor#1979,7000.0
ne_zlog#2751,7000.0
Andre1#6169,6000.0
wellaniabi#8813,8000.0
___anna___#6535,6000.0
DenPu#5697,6000.0
lfc18#0434,6000.0
Alex_Kaprizz#0299,5200.0
andreikohnovskiy#1235,
abramovich#3547,
webnerdist#9261,6000.0
rumyancev#9857,
fedornyas#4519,
karpovnich#2454,
Torbar#1349,6000.0
levayashka#9686,
davsergun#6774,
lazybuzz#7374,7000.0
BlueJean#1732,8000.0
archinard#8912,5600.0
SampleText#8574,6000.0
kriptachina#6123,7000.0
tori_elro#2772,6000.0
SpaceTraveler#3020,6000.0
yoyo1#6830,7000.0
Magnat79#7309,6000.0
DbIM OK!#0500,8000.0
MegaBosS#6853,5400.0
swtmbx#4627,6000.0
onesweet#3780,6000.0
smoking01#7096,7000.0
Mr_Pool#6368,5600.0
twosweet#4692,6000.0
aaaaallll | ChainOps#9543,6000.0
threesweet#4240,6000.0
fatimawareo#7233,6000.0
wardar#8424,5200.0
GeoKraken#5229,6000.0
TonyChayoni#7688,5400.0
TosLem#9487,6000.0
glukoss.Inc#9485,
SAKURA#0129,6000.0
Fantomas#2816,5200.0
Alex21rus#2487,5200.0
rb#1683,5400.0
sr20de#7650,5600.0
BlueFireDreams#7907,
alexiyko#2295,5400.0
Karagi#0510,8000.0
PinkPanther#6651,6000.0
Slepkov#6605,5200.0
EvgeniyMamin#4588,7000.0
youngha#9048,5600.0
YuliaMat#1747,6000.0
ruinova#3526,6000.0
ihorprutian#8468,8000.0
VikKuzzmina#3012,6000.0
Kikalxd#9999,5200.0
Pupa#0055,5200.0
Entl#0523,6000.0
soonIm Kang#6200,5600.0
KBADPaTuK#1830,5600.0
wsungc#5697,5600.0
KBaDPaTuK#1830,5200.0
sahbutdinovrinas#3201,6000.0
smartshall#3641,6000.0
cyberguy#0435,7000.0
Ms Kang#5292,5600.0
dr sir#0486,5600.0
ASM#4806,8000.0
RedHead#2101,6000.0
SerGo#8747,8000.0
volgariver#7761,5200.0
banghj#9194,5600.0
Top#9489,5600.0
DAO#0341,7000.0
GHOUL#5317,5600.0
sandyman#4921,5600.0
silent666#8303,8000.0
mishal#4562,6000.0
Vitalik#9403,6000.0
Yngvarr[–ò–≥–æ—Ä—å]#6934,8000.0
Kuzma#9283,6000.0
ManFromHell (–ò–≤–∞–Ω)#9613,8000.0
vlad_connect#0889,8000.0
Liver#1860,6000.0
saabtest#4438,
Savik#9606,7000.0
Rav_9999#0737,6000.0
JuliaO#5064,5600.0
Vladyslav#4067,7000.0
Gendarme#2781,5600.0
paninghenya#5837,
kasper#1561,
Matrin#4016,
abrartov#5435,
Primat#6030,
Sergey Zvezdin#1990,6000.0
–û–ª–µ—Å—è|Ogni#7510,5200.0
Revizor#8231,5600.0
KlausLikeBeer#3900,5400.0
label73#4872,8000.0
marcuz#2115,5600.0
–ê—Ä—Ç–µ–º–∏–π#9683,5200.0
Deendy#6623,5400.0
LemonUser1919#5772,5200.0
Xopek#8185,5200.0
SeptimA [NODERS]#9554,6000.0
Yarik#8352,5600.0
Tata#3696,8000.0
leroylamboi#7701,6000.0
–ê–ª–µ–∫—Å–∞–Ω–¥—Ä2828#3914,6000.0
‚ò©swizzi‚ò©#8329,8000.0
JleUTeHaHT#2320,6000.0
Frusciante#0550,8000.0
Maximilian#1583,5200.0
Kent#8549,6000.0
–õ—é–¥–º–∏–ª–∞#9566,7000.0
VictorN#2260,5400.0
RageDe | KurateDAO#9637,5600.0
dmykff#6584,5600.0
ryssroad#7010,5600.0
Hivoltage#5641,7000.0
–ù–∞–∏–ª—å#7550,8000.0
EnigmaAI#6730,5400.0
geforcen777#7760,5200.0
lordi777#5589,5200.0
mumika777#4467,6000.0
SKiFF#5580,5200.0
Fleizz#9667,6000.0
Tepm#7647,6000.0
luxxx#5519 ,6000.0
_AxelSnake_#7330,5200.0
Giga#7866,8000.0
–ê–ª—è | R√ò CRYPT√ò#3228,6000.0
llovelyll#8474,8000.0
Denis BR#7386,6000.0
Andrey1209#7357,6000.0
FNORD#5850,6000.0
sandipops#6400,5600.0
SopranoLight#3745,6000.0
Zelivsky#3054,5200.0
ALK#9295,5600.0
Artem Lyndov#5474,6000.0
flakeman#1739,7000.0
tsmartem#0270,5600.0
AgentSteinberg#9568,8000.0
bennyhana321#2123,8000.0
madadicrew#2432,6000.0
Vissam#7813,8000.0
tianderkiuas#4104,8000.0
krohobor#2084,
Xronos21#9093,7000.0
PraStarix#2088,
probanist#1071,
artullium#7661,
–ï–≤–≥–µ–Ω–∏–π –ú–∞–ª–∏–Ω–æ–≤—Å–∫–∏–π#7285,7000.0
Kot9610#9247,7000.0
rulezzz1996#7757,7000.0
midlet#9567,7000.0
gilbert888#0555,6000.0
v1tall#2636,6000.0
Iri#3433,6000.0
cam57#0522,5200.0
JaxaDjan#2856,6000.0
Wfb#6680,6000.0
Melo#8558,8000.0
dead_m0r0z#1685,6000.0
–ß–∏–∫–∏–ø–æ–∫–∏#4271,6000.0
SneG_UrkA#7115,6000.0
dr0p8#1290,6000.0
hostel777#6621,7000.0
str1v3r#9292,6000.0
Vebust#5291,6000.0
Hugogleb#0679,6000.0
itsys4#0931,6000.0
stanel#6435,6000.0
ntkach85#5439,6000.0
Kokosnu√ü#1980,6000.0
d1rect#2327,5200.0
AstroCat#2277,8000.0
Go Up#6175,
Vovan#1936,5200.0
–ü–∞–≤–µ–ª –®–∞—Ä–º–∞–Ω#9926,6000.0
Fastintop#6606,5600.0
kelpie#6645,5600.0
SpadaValerio#4539,5600.0
VilhelmBerglund#6990,5600.0
LambertValerie#4124,5600.0
Denda | KurateDAO#2574,6000.0
BOMJ#8444,6000.0
Valeria1743#0986,6000.0
Alex1981#8062,6000.0
PencilDetrov#5834,6000.0
OlegPulenko#6376,6000.0
PapochkaRocket#2847,5600.0
marmalade#8856,5400.0
Cemal#5981,8000.0
Doctor_Strange#9784,6000.0
Morbio#1953,6000.0
zismo#3650,8000.0
GiacomoBonelli#3436,5600.0
JoanMorton#8678,5600.0
MelvinMorrison#2789,5600.0
KMS#1386,5600.0
Rmanwork#6421,5600.0
BlackAmie#9316,
ThomasEve#4485,5600.0
IziDAO#2876,5200.0
Konos#6816,8000.0
dizza#9624,7000.0
bitocXYec#8002,7000.0
Reacher#8970,6000.0
4ipolino#8386,7000.0
hjusti#0095,5600.0
Eugeniy#7790,5200.0
blvckfx#9318,6000.0
lemon_joe#6360,6000.0
gvdlv4#1911,8000.0
zwiftscka#4911,7000.0
kasi#7352,6000.0
Natalia#3647,6000.0
pernatik08#7588,6000.0
Rodarius#9224,5200.0
wiaim#2444,5200.0
Vsevamp#1289,
mheez#6867,6000.0
Dmytro#2698,5600.0
Rones | EarthCall#3796,5200.0
chernobeloe#3592,6000.0
Raduli4ka#0504,6000.0
Grishin#5445,8000.0
evgeniya.5#8647,6000.0
Pavil#0154,5200.0
Modest#8132,8000.0
Sbroll#4927,6000.0
garbagehoops65#2965,8000.0
walletmajor55#1193,8000.0
Sasha Movchan#4304,8000.0
frost136#2294,8000.0
Nastya Parkhomenko#3949,8000.0
w4k3#5257,8000.0
monk#6041,6000.0
onemore#1721,5600.0
Elanic#2343,
Bladin#5744,8000.0
medoed#8988,6000.0
aha#0890,6000.0
romadancha#1571,6000.0
Nakhid#7839,6000.0
Karyna Mykulska#6077,8000.0
Abich#4774,6000.0
HilolaV#1720,5200.0
vlasova64.elena#6637,6000.0
Vlad83#1748,5200.0
Vetal34#6467,6000.0
rudnevsky#3777,8000.0
anil2ec4#1684,8000.0
Arda#3100,8000.0
daylsy#2501,6000.0
aasssd#9577,6000.0
BULVER#2706,
freakamatik#3200,6000.0
ddminerv#9029,6000.0
arturcryp1on#9659,6000.0
Kiri#3923,5600.0
Denis Tesla#9252,6000.0
pahaha#9549,6000.0
Ole#5863,6000.0
Zhanna#5297,6000.0
smoky_outlaw#3241,6000.0
Mav3rick_iphone#2690,5200.0
–í–ª–∞–¥–∏–º–∏—Ä716#8453,6000.0
Den007#0014,6000.0
polpol#6294,6000.0
ShermanC#4173,6000.0
Hero1n#7021,6000.0
Oliverkoast#9036,8000.0
pillowbed34#7758,8000.0
abewol01#9757,6000.0
Masta Zamsta#8818,8000.0
HAPE | ukrotitell#3283,8000.0
RomanTym#9893,8000.0
Marakaya#4476,6000.0
FLOPPA#9270,6000.0
SHKILYA CRYPTO#4378,5600.0
Malevichkv#8162,6000.0
bitdealer91#7346,6000.0
VoogariX#4905,6000.0
K921#2538,6000.0
nzrpp#9603,8000.0
Criand#7349,8000.0
Echoo#5718,6000.0
teenu4#9753,7000.0
Alexander_Karpov#7158,6000.0
TamilChain#0796,7000.0
Matvei 228#3999,7000.0
vanjusha#0552,5600.0
KirillYk#4954,
lopegor#5669,
Lokkero#1203,5200.0
SRG_TS#3470,8000.0
turtless#6379,6000.0
Oleksii#1792,7000.0
ouont#8865,6000.0
stepan_vtb#3892,6000.0
reb0rn#2666,6000.0
Dzmitry Adam#6286,6000.0
st.Game#8486,6000.0
Palamar#8610,6000.0
wArz#9419,6000.0
mrlx24#0905,7000.0
Fible1#2783,6000.0
Fatilio#8492,
M.Lemina#7041,6000.0
tradingkilla#4995,6000.0
yoloncrazy#5153,5400.0
Upyaker#6709,6000.0
Roman777#3407,7000.0
